Id,median_house_value
0,222390.04
1,247970.0
2,72078.0
3,178018.01
4,52380.0
5,222603.0
6,115985.0
7,104116.0
8,138939.0
9,76385.0
10,275384.01
11,244104.0
12,212378.0
13,204635.0
14,206143.01
15,94354.0
16,97826.0
17,171035.0
18,231643.0
19,468985.6
20,235018.05
21,213483.0
22,52035.0
23,427563.21
24,224810.0
25,101145.0
26,297661.03
27,168269.0
28,74623.0
29,120743.0
30,64250.0
31,293388.01
32,189438.0
33,181159.0
34,112843.0
35,104518.0
36,113837.0
37,135898.0
38,318674.12
39,165023.0
40,139767.0
41,136371.0
42,238592.0
43,220726.0
44,224710.01
45,187910.01
46,272939.0
47,251260.01
48,96216.0
49,113791.0
50,229763.0
51,496790.96
52,234683.0
53,330213.02
54,96123.0
55,343435.06
56,223773.08
57,177055.0
58,368174.09
59,169030.0
60,193371.0
61,192155.0
62,338204.09
63,276777.0
64,199401.02
65,447492.32
66,144651.0
67,85519.0
68,94257.0
69,147601.0
70,112354.0
71,243243.0
72,105223.0
73,241771.0
74,161750.0
75,248369.04
76,127537.0
77,125005.0
78,173529.0
79,217892.0
80,88309.0
81,98638.0
82,235999.0
83,104406.0
84,253113.03
85,122608.0
86,140006.0
87,264443.0
88,140753.0
89,122581.0
90,144239.0
91,161932.0
92,296247.99
93,142635.0
94,320385.05
95,328503.02
96,254941.0
97,468169.6
98,175043.0
99,303471.06
100,270682.0
101,61707.0
102,270267.01
103,313421.01
104,108693.0
105,199803.0
106,175352.0
107,118325.0
108,264239.0
109,59149.0
110,123439.0
111,161434.0
112,157525.0
113,125898.0
114,79554.0
115,258437.0
116,170192.01
117,255702.03
118,99527.99
119,335163.13
120,343869.16
121,136628.0
122,291490.02
123,174915.0
124,153323.0
125,408148.36
126,79195.0
127,116774.0
128,70007.0
129,144906.0
130,128178.0
131,347770.05
132,208635.0
133,348638.08
134,181914.0
135,187875.01
136,69369.0
137,131952.0
138,156020.0
139,140287.0
140,398931.24
141,125530.0
142,247771.03
143,282071.0
144,159340.0
145,159375.0
146,177953.0
147,270418.02
148,282067.0
149,410590.28
150,252910.02
151,189670.0
152,153599.0
153,158276.0
154,202529.0
155,52753.0
156,188632.0
157,337411.09
158,62905.0
159,83687.0
160,146347.01
161,135553.99
162,291495.01
163,64967.0
164,221620.0
165,179437.0
166,375055.23
167,180749.0
168,106591.0
169,70337.0
170,393037.31
171,261425.02
172,336914.07
173,250331.02
174,184559.0
175,361978.11
176,99915.0
177,294167.01
178,186807.0
179,270796.0
180,273615.01
181,372824.0
182,64296.0
183,237881.01
184,216401.01
185,227847.0
186,223912.0
187,231496.0
188,223950.01
189,144375.0
190,118804.0
191,123378.0
192,223534.99
193,185462.01
194,162966.02
195,119040.0
196,204812.0
197,216959.01
198,290250.01
199,221528.0
200,141801.0
201,195230.0
202,310193.04
203,187024.0
204,420389.19
205,218406.01
206,320560.01
207,90740.0
208,127208.0
209,303403.06
210,271667.0
211,428443.35
212,108388.0
213,101615.0
214,149077.0
215,98634.0
216,334259.13
217,287722.11
218,193693.0
219,214267.01
220,229257.01
221,378215.2
222,190693.0
223,250048.0
224,369617.17
225,241394.0
226,161476.0
227,94986.0
228,221027.02
229,390588.06
230,281163.01
231,127637.0
232,489999.86
233,175180.01
234,120763.0
235,320164.02
236,237968.0
237,130007.0
238,199213.0
239,131594.0
240,241860.0
241,443449.55
242,389081.16
243,158312.0
244,95559.0
245,178500.0
246,227597.01
247,301188.13
248,103887.0
249,131823.0
250,158204.0
251,229977.0
252,90136.0
253,239424.0
254,407119.22
255,456792.65
256,216967.0
257,81570.0
258,145397.0
259,273325.0
260,132273.0
261,306716.03
262,123152.0
263,99467.0
264,343366.13
265,259687.0
266,209266.03
267,239853.09
268,151470.0
269,265346.03
270,259065.04
271,184739.0
272,66719.0
273,294885.01
274,97169.0
275,312489.0
276,138566.0
277,118442.0
278,112859.0
279,230291.0
280,453672.47
281,412040.27
282,214196.01
283,210055.0
284,384281.12
285,213871.02
286,237660.0
287,172897.0
288,146341.0
289,157072.0
290,184768.0
291,190451.0
292,189890.01
293,159122.0
294,123185.0
295,138746.0
296,82880.0
297,100437.0
298,81425.0
299,214948.0
300,105462.0
301,210764.01
302,197338.0
303,203935.0
304,220927.0
305,226411.02
306,386985.1
307,459746.46
308,498512.99
309,237601.02
310,246946.0
311,464143.59
312,377762.12
313,142843.0
314,168588.0
315,292279.02
316,265598.02
317,242649.0
318,287110.01
319,304743.11
320,209330.0
321,109822.0
322,268554.07
323,167546.0
324,218983.01
325,277413.13
326,200374.0
327,204067.0
328,259567.0
329,260450.07
330,150201.0
331,194293.01
332,85310.0
333,226064.0
334,216665.01
335,90571.0
336,195734.0
337,435587.33
338,189155.0
339,92337.0
340,304791.04
341,254406.01
342,141054.0
343,118780.0
344,256114.09
345,182626.01
346,294878.01
347,138273.0
348,54964.0
349,154250.0
350,248812.0
351,202499.0
352,332975.03
353,272253.04
354,147745.01
355,394252.05
356,330674.06
357,414509.24
358,139042.0
359,189532.0
360,75604.0
361,151802.0
362,101238.0
363,90484.0
364,126564.02
365,345227.12
366,306849.05
367,150196.0
368,178893.0
369,119095.0
370,251603.0
371,79310.0
372,210261.0
373,97149.0
374,276479.0
375,157138.0
376,170147.0
377,175555.0
378,101267.0
379,214874.0
380,436144.36
381,210597.0
382,191598.01
383,92387.0
384,104621.0
385,168910.0
386,127379.0
387,177872.0
388,237506.01
389,213931.0
390,176828.0
391,57602.0
392,278527.0
393,419910.35
394,98502.0
395,108479.0
396,197717.02
397,82491.0
398,130760.0
399,241990.0
400,428428.32
401,150099.0
402,281444.01
403,121466.0
404,183140.01
405,376462.14
406,231287.01
407,243150.0
408,339754.06
409,251167.01
410,149258.0
411,227140.09
412,80309.0
413,240987.0
414,96462.0
415,392434.19
416,382197.19
417,72807.0
418,318783.01
419,248854.0
420,288914.0
421,307223.03
422,192011.0
423,169457.0
424,285685.09
425,146690.0
426,281182.06
427,220443.03
428,226874.0
429,168279.02
430,141660.0
431,102443.0
432,178920.0
433,264713.0
434,235285.01
435,59329.0
436,98228.0
437,309882.0
438,242324.01
439,150160.0
440,291556.04
441,216998.01
442,220373.0
443,386257.19
444,281896.0
445,124716.0
446,187400.0
447,304619.02
448,104742.0
449,180449.0
450,169960.0
451,138232.0
452,76487.0
453,220838.03
454,214676.06
455,257244.0
456,240834.0
457,162141.0
458,291318.0
459,124512.0
460,168727.0
461,77699.0
462,139866.0
463,250608.0
464,464949.61
465,157871.0
466,150566.0
467,217507.01
468,460048.57
469,242302.0
470,155811.0
471,132641.0
472,267332.0
473,291393.02
474,223952.0
475,163291.0
476,98026.0
477,381755.16
478,400552.25
479,199910.02
480,102354.0
481,185772.0
482,298804.02
483,180048.0
484,173753.0
485,264681.0
486,252433.01
487,249998.04
488,466252.63
489,116113.0
490,150546.0
491,217297.0
492,139032.0
493,154869.02
494,92387.0
495,233135.0
496,115443.0
497,108197.0
498,357501.06
499,313619.01
500,85105.0
501,365315.08
502,119119.0
503,305521.07
504,296044.0
505,84580.0
506,185657.0
507,171414.0
508,241962.0
509,458046.38
510,217981.0
511,142423.0
512,395878.1
513,103804.0
514,163737.0
515,168968.0
516,128374.0
517,371684.1
518,333659.01
519,161999.0
520,249563.09
521,109425.04
522,232509.0
523,178451.0
524,328615.07
525,193244.0
526,188366.0
527,407352.14
528,166499.0
529,180314.0
530,194203.0
531,246092.0
532,143872.02
533,115848.0
534,166413.0
535,141474.0
536,117643.0
537,429745.31
538,169270.0
539,130818.0
540,121785.0
541,358763.04
542,75996.0
543,259947.0
544,283435.01
545,170112.01
546,111445.0
547,134933.0
548,99358.0
549,182259.0
550,190089.0
551,121035.0
552,218426.0
553,214041.0
554,98857.0
555,234248.0
556,111492.0
557,305170.06
558,152409.0
559,144698.0
560,145665.0
561,167118.0
562,274047.09
563,208092.0
564,315439.05
565,277034.07
566,177923.02
567,264646.01
568,221935.0
569,166247.0
570,123868.0
571,119054.0
572,333001.06
573,117052.0
574,346597.05
575,183152.0
576,157232.0
577,268567.03
578,169072.0
579,147510.0
580,496391.96
581,206748.0
582,170699.0
583,137691.0
584,140402.0
585,230426.0
586,143629.0
587,246136.0
588,112632.01
589,329864.01
590,156059.0
591,199009.0
592,124637.0
593,160562.0
594,103008.0
595,75406.0
596,196481.0
597,310521.03
598,306559.1
599,163400.0
600,74783.0
601,184718.0
602,61128.0
603,195367.0
604,140526.0
605,80689.0
606,498480.98
607,110094.0
608,410227.22
609,160383.0
610,323072.01
611,136439.0
612,159099.0
613,284758.02
614,290722.02
615,333728.11
616,200332.0
617,400939.15
618,172815.01
619,266777.01
620,235237.0
621,121953.0
622,123210.0
623,412071.16
624,181379.0
625,153750.0
626,175677.05
627,138356.0
628,68416.99
629,181479.0
630,201834.03
631,82565.0
632,192567.0
633,170677.0
634,214678.01
635,282848.04
636,65027.0
637,286660.02
638,497476.96
639,134308.0
640,274818.0
641,301822.04
642,159709.0
643,183968.0
644,153689.0
645,171595.0
646,125378.0
647,131939.0
648,241600.0
649,263244.0
650,208857.0
651,167968.0
652,181953.0
653,203640.0
654,132580.0
655,128028.0
656,242947.02
657,155567.0
658,198773.0
659,206473.0
660,198261.0
661,111178.05
662,138628.0
663,210659.01
664,220678.0
665,109777.0
666,210227.02
667,185944.0
668,66367.0
669,244665.0
670,218462.0
671,220789.01
672,142526.0
673,56478.0
674,183277.02
675,141552.0
676,166006.0
677,266375.13
678,63595.0
679,206198.0
680,110886.0
681,268170.01
682,115982.99
683,113181.0
684,346048.17
685,190976.0
686,248310.02
687,211348.0
688,161127.0
689,142263.0
690,204134.01
691,80584.0
692,399290.15
693,373850.16
694,108290.0
695,64719.0
696,178289.0
697,134994.0
698,257867.0
699,203571.01
700,71334.0
701,324685.01
702,129473.0
703,210410.0
704,252148.0
705,268753.0
706,168253.0
707,257973.0
708,209088.0
709,479268.76
710,181829.0
711,354830.04
712,339165.11
713,274555.0
714,273978.07
715,282936.06
716,306408.02
717,195839.0
718,365577.05
719,242547.0
720,307498.08
721,84625.0
722,160131.0
723,184903.0
724,344171.02
725,195891.0
726,187321.0
727,143893.0
728,110502.0
729,303766.05
730,425439.38
731,302223.04
732,159048.0
733,117288.0
734,166213.0
735,172375.0
736,305407.01
737,215128.0
738,137513.0
739,248776.0
740,136309.0
741,373827.07
742,176585.0
743,236363.0
744,173104.0
745,344398.08
746,73227.0
747,96840.0
748,216514.0
749,355880.16
750,127564.98
751,295631.0
752,123451.0
753,107954.0
754,285533.02
755,126584.0
756,387542.35
757,90233.0
758,290063.03
759,263532.01
760,358594.14
761,424331.46
762,75237.0
763,171512.0
764,218253.0
765,90444.0
766,165349.0
767,136822.0
768,224220.0
769,424643.33
770,53627.0
771,158230.0
772,194005.0
773,49020.0
774,389086.1
775,211603.01
776,231591.0
777,180571.0
778,122938.0
779,166101.0
780,286610.0
781,232932.0
782,236128.01
783,217270.01
784,127807.0
785,357414.03
786,493082.89
787,123738.0
788,106665.0
789,262247.0
790,122089.0
791,287013.01
792,162011.0
793,245434.0
794,231382.0
795,118924.0
796,236730.01
797,119343.0
798,239399.01
799,221041.0
800,485285.83
801,244364.0
802,136238.0
803,131583.0
804,135585.01
805,66733.0
806,302696.02
807,354012.09
808,165423.0
809,185360.0
810,462004.49
811,295853.06
812,123102.0
813,230324.0
814,74278.97
815,53407.0
816,105489.0
817,97833.0
818,367631.09
819,98274.0
820,105777.0
821,147204.0
822,176290.0
823,338068.04
824,155793.0
825,264477.01
826,410730.18
827,129676.02
828,120340.0
829,178896.0
830,373949.25
831,209435.01
832,402123.15
833,226900.0
834,79509.0
835,152215.0
836,100193.0
837,157491.01
838,269255.01
839,253954.02
840,219166.04
841,214245.0
842,265000.0
843,199808.0
844,103969.0
845,186016.0
846,71172.0
847,173641.0
848,167268.0
849,116179.0
850,80819.0
851,136586.0
852,162882.0
853,253961.0
854,223521.01
855,301059.02
856,162279.0
857,249814.01
858,150037.0
859,292049.04
860,134955.0
861,189641.0
862,62614.0
863,228751.0
864,175375.0
865,235290.0
866,157648.0
867,157751.0
868,212343.0
869,203597.01
870,204272.0
871,125180.0
872,373847.11
873,63954.0
874,140931.0
875,174490.0
876,185982.0
877,104329.0
878,220309.0
879,410166.19
880,270359.01
881,148521.0
882,223075.01
883,185718.0
884,145333.0
885,80819.0
886,342187.08
887,233960.0
888,233608.0
889,86829.0
890,84016.0
891,157835.0
892,326162.15
893,297518.02
894,213030.01
895,144498.0
896,155745.0
897,110271.0
898,84483.0
899,418628.31
900,231939.03
901,372398.28
902,82858.0
903,246692.01
904,105240.0
905,174388.0
906,80088.99
907,142135.0
908,133415.0
909,223352.0
910,250021.02
911,206815.01
912,195731.0
913,230612.0
914,137153.0
915,192316.0
916,193880.0
917,220139.02
918,244401.0
919,159157.0
920,152257.0
921,89329.0
922,478544.75
923,242729.0
924,160385.02
925,160046.0
926,234000.0
927,110362.0
928,69322.0
929,68978.0
930,229513.03
931,377084.08
932,177533.0
933,423813.07
934,423567.25
935,146083.0
936,169597.0
937,83039.0
938,300617.04
939,308667.04
940,379334.14
941,72338.0
942,422376.32
943,180831.0
944,99687.0
945,500001.0
946,179651.0
947,124874.0
948,305853.0
949,174297.0
950,72390.0
951,115683.0
952,132407.0
953,77171.0
954,118509.0
955,261638.01
956,309327.05
957,198078.0
958,205787.0
959,87929.0
960,79873.0
961,166537.0
962,318138.04
963,73559.0
964,120472.0
965,229596.0
966,89086.0
967,359691.02
968,282462.05
969,207639.01
970,268380.02
971,275365.01
972,145670.0
973,177893.0
974,270291.0
975,360250.1
976,219158.0
977,251338.0
978,324561.05
979,149640.0
980,185762.0
981,309060.06
982,227030.01
983,358981.12
984,108714.0
985,156085.0
986,189177.0
987,149857.0
988,301632.0
989,116993.0
990,230253.01
991,145898.0
992,149123.0
993,151858.0
994,189053.0
995,132207.03
996,187759.0
997,144321.0
998,397593.29
999,100613.0
1000,162286.0
1001,125581.0
1002,108244.0
1003,239346.0
1004,151807.0
1005,309534.06
1006,135795.0
1007,141445.0
1008,213723.0
1009,207563.05
1010,210685.0
1011,396717.31
1012,124753.0
1013,417796.33
1014,142884.0
1015,113996.0
1016,281274.0
1017,112836.0
1018,207941.0
1019,304801.01
1020,133284.0
1021,493124.92
1022,494546.91
1023,259308.0
1024,181796.0
1025,134915.0
1026,160258.0
1027,166261.0
1028,169668.0
1029,69411.0
1030,192082.0
1031,382229.16
1032,95166.0
1033,69576.0
1034,275752.01
1035,51447.0
1036,223626.0
1037,206614.0
1038,409292.25
1039,350340.06
1040,131149.0
1041,159632.0
1042,117974.0
1043,290482.0
1044,142993.0
1045,207732.0
1046,164410.02
1047,111611.0
1048,140412.0
1049,157176.0
1050,156571.0
1051,469097.72
1052,218207.01
1053,239529.0
1054,138154.0
1055,163036.0
1056,288494.07
1057,124834.0
1058,221146.0
1059,93055.0
1060,88369.0
1061,283942.0
1062,105829.0
1063,294541.01
1064,218634.0
1065,73214.0
1066,187967.0
1067,240865.0
1068,96798.0
1069,170426.0
1070,179975.0
1071,122349.0
1072,235061.0
1073,97209.0
1074,321876.04
1075,124538.0
1076,143662.0
1077,172010.0
1078,116951.0
1079,150808.0
1080,407302.27
1081,147074.0
1082,103438.0
1083,355683.19
1084,135195.0
1085,154338.0
1086,212721.0
1087,339479.08
1088,322457.08
1089,382907.1
1090,217298.0
1091,154669.0
1092,195749.0
1093,489589.93
1094,234618.01
1095,342498.05
1096,93513.0
1097,248944.02
1098,351081.09
1099,241760.03
1100,86206.0
1101,231984.02
1102,225945.0
1103,307329.04
1104,210728.0
1105,193516.0
1106,158439.0
1107,349042.13
1108,296310.0
1109,92299.0
1110,240483.04
1111,197360.0
1112,236397.0
1113,202651.0
1114,279910.04
1115,123760.0
1116,109243.0
1117,205588.0
1118,147680.0
1119,241758.0
1120,208775.0
1121,245533.0
1122,126147.0
1123,101801.0
1124,314989.04
1125,91237.0
1126,175031.0
1127,274829.0
1128,328504.13
1129,83899.0
1130,133216.0
1131,423370.29
1132,73485.0
1133,224423.05
1134,375437.1
1135,284948.01
1136,143808.0
1137,175704.0
1138,483575.8
1139,129788.02
1140,175503.0
1141,253912.0
1142,254808.01
1143,125109.0
1144,198248.0
1145,82014.0
1146,220705.0
1147,215281.04
1148,62834.98
1149,77085.0
1150,187490.0
1151,141998.0
1152,105447.0
1153,243706.0
1154,157496.0
1155,436107.48
1156,53646.0
1157,144245.0
1158,298160.03
1159,203155.0
1160,64985.0
1161,97835.0
1162,246304.01
1163,84105.0
1164,210534.0
1165,204153.0
1166,227806.0
1167,190149.0
1168,200526.01
1169,182107.0
1170,215393.0
1171,57596.0
1172,179285.0
1173,244576.01
1174,236858.0
1175,405892.16
1176,94029.0
1177,209983.0
1178,144555.0
1179,291870.01
1180,378893.04
1181,282835.01
1182,115830.0
1183,186012.0
1184,178020.0
1185,189925.0
1186,221341.0
1187,336567.03
1188,112392.0
1189,194781.0
1190,346905.07
1191,207027.0
1192,202310.0
1193,208659.0
1194,62301.0
1195,93126.0
1196,224314.0
1197,157021.0
1198,181575.0
1199,367713.23
1200,124504.0
1201,258991.01
1202,199605.0
1203,272115.0
1204,155571.0
1205,204554.02
1206,242777.01
1207,80219.0
1208,86839.0
1209,98262.0
1210,185851.0
1211,121947.0
1212,472922.67
1213,141905.0
1214,119433.0
1215,381974.12
1216,282392.02
1217,198215.0
1218,216200.0
1219,176984.04
1220,83618.0
1221,309159.03
1222,211312.02
1223,270260.02
1224,204048.0
1225,250381.02
1226,138565.0
1227,114381.0
1228,440687.47
1229,290751.01
1230,167917.0
1231,108202.0
1232,348751.06
1233,155863.0
1234,340385.01
1235,75299.0
1236,101216.0
1237,182573.0
1238,100679.0
1239,305357.03
1240,329426.0
1241,143404.0
1242,205208.0
1243,211843.0
1244,208224.01
1245,97488.0
1246,226548.0
1247,355873.06
1248,166075.0
1249,316584.08
1250,117611.0
1251,365225.15
1252,251420.03
1253,161017.0
1254,100959.0
1255,435786.45
1256,117264.0
1257,105235.0
1258,230782.02
1259,424475.31
1260,161313.0
1261,116044.01
1262,318015.05
1263,215977.0
1264,118215.0
1265,196097.0
1266,305916.05
1267,194487.06
1268,330247.03
1269,247055.08
1270,190211.01
1271,215675.0
1272,123890.0
1273,437422.29
1274,355366.1
1275,353338.25
1276,346870.13
1277,110607.0
1278,258719.0
1279,194655.0
1280,108520.0
1281,89476.0
1282,116907.0
1283,122570.0
1284,110965.0
1285,240488.01
1286,174705.0
1287,152668.0
1288,60972.0
1289,231775.0
1290,98000.0
1291,110860.01
1292,261747.0
1293,149983.0
1294,206853.0
1295,109619.0
1296,151693.0
1297,126716.0
1298,388168.17
1299,118788.0
1300,283269.0
1301,148428.0
1302,187738.0
1303,246488.03
1304,220390.01
1305,461560.56
1306,84430.0
1307,139397.0
1308,175957.0
1309,110556.0
1310,165611.0
1311,437734.34
1312,176296.0
1313,108983.0
1314,198320.0
1315,268981.0
1316,342400.05
1317,166026.0
1318,136352.0
1319,269953.05
1320,499925.99
1321,489989.8
1322,115377.0
1323,213677.0
1324,55794.0
1325,306423.04
1326,285504.22
1327,155188.0
1328,170567.0
1329,62863.0
1330,220017.0
1331,359907.15
1332,353166.1
1333,121782.0
1334,237385.0
1335,61214.0
1336,246402.03
1337,179042.0
1338,105723.0
1339,195507.0
1340,311185.03
1341,139914.0
1342,156107.0
1343,225368.01
1344,94789.0
1345,98673.0
1346,391571.2
1347,295828.01
1348,269837.02
1349,215914.0
1350,454651.49
1351,320518.06
1352,327316.12
1353,139456.0
1354,254375.01
1355,151479.0
1356,133953.0
1357,158367.0
1358,76682.0
1359,254243.03
1360,170207.0
1361,82180.0
1362,100442.0
1363,74846.0
1364,438136.41
1365,155478.01
1366,93443.0
1367,298795.07
1368,204738.0
1369,66727.0
1370,113706.0
1371,61287.0
1372,172382.0
1373,436649.32
1374,304698.03
1375,145305.0
1376,254339.02
1377,174646.0
1378,239900.0
1379,267188.0
1380,428779.24
1381,244766.0
1382,119704.0
1383,209623.0
1384,151407.0
1385,423876.29
1386,109439.0
1387,153787.0
1388,323287.06
1389,174527.0
1390,302620.03
1391,107401.0
1392,154631.0
1393,152888.0
1394,76340.0
1395,212176.02
1396,145289.0
1397,281938.03
1398,298238.02
1399,68827.0
1400,189638.0
1401,367169.09
1402,388319.2
1403,226173.0
1404,73535.0
1405,156700.0
1406,140598.0
1407,91277.0
1408,133230.0
1409,135579.0
1410,316152.08
1411,168746.0
1412,97685.94
1413,286805.01
1414,142833.02
1415,56743.0
1416,103245.0
1417,250110.0
1418,130123.0
1419,114855.0
1420,174710.0
1421,215956.01
1422,151300.0
1423,414504.29
1424,384480.12
1425,140568.0
1426,186733.0
1427,379522.09
1428,215031.01
1429,238028.02
1430,167623.0
1431,113195.0
1432,221298.0
1433,85313.0
1434,294920.0
1435,118883.0
1436,56418.0
1437,448326.66
1438,217472.0
1439,140019.0
1440,103078.0
1441,298477.06
1442,92716.97
1443,212739.01
1444,219287.02
1445,276358.04
1446,190443.0
1447,362174.15
1448,80787.0
1449,133914.0
1450,114226.0
1451,483692.81
1452,378432.1
1453,115139.0
1454,237624.13
1455,220764.0
1456,264828.0
1457,107516.0
1458,210804.0
1459,198604.0
1460,152098.0
1461,268025.0
1462,163364.0
1463,208605.0
1464,158859.0
1465,182783.0
1466,233485.0
1467,142778.0
1468,414573.25
1469,123404.0
1470,201670.02
1471,217278.0
1472,109448.0
1473,128596.0
1474,297308.15
1475,276169.03
1476,170909.0
1477,159416.0
1478,105021.0
1479,114060.0
1480,437567.39
1481,242453.0
1482,214618.0
1483,194955.0
1484,252961.05
1485,303696.05
1486,110689.0
1487,481979.83
1488,334762.06
1489,237044.01
1490,162547.0
1491,150343.0
1492,68834.0
1493,264857.06
1494,116128.0
1495,368020.13
1496,133343.0
1497,405469.06
1498,202089.01
1499,352674.08
1500,129460.0
1501,63357.0
1502,199758.0
1503,268607.01
1504,210372.0
1505,131597.0
1506,99138.0
1507,348703.01
1508,275821.06
1509,122835.0
1510,264867.08
1511,193878.0
1512,129202.0
1513,59682.0
1514,339003.03
1515,158732.0
1516,147572.01
1517,145256.04
1518,57830.0
1519,114619.0
1520,225177.0
1521,322280.09
1522,348089.02
1523,77954.99
1524,153801.0
1525,206329.03
1526,121134.0
1527,374424.08
1528,78368.0
1529,169930.0
1530,53571.0
1531,103773.0
1532,287266.0
1533,299337.11
1534,119394.0
1535,397333.1
1536,74196.0
1537,195053.01
1538,397221.4
1539,224775.0
1540,279293.01
1541,97232.0
1542,90941.0
1543,196848.0
1544,414350.36
1545,82401.0
1546,225190.0
1547,119299.0
1548,191407.0
1549,70991.0
1550,211801.0
1551,499285.99
1552,126255.0
1553,311282.03
1554,88360.0
1555,288586.05
1556,340056.07
1557,249542.05
1558,182428.0
1559,78516.0
1560,77606.0
1561,217535.0
1562,298836.04
1563,191749.0
1564,167440.0
1565,114358.01
1566,269756.01
1567,261487.02
1568,355087.15
1569,264214.03
1570,213774.0
1571,277208.15
1572,165383.0
1573,318206.02
1574,276499.06
1575,101145.0
1576,117387.0
1577,106990.0
1578,91242.0
1579,196746.0
1580,236029.0
1581,186322.0
1582,146082.0
1583,391155.12
1584,276559.02
1585,102360.0
1586,208132.0
1587,310667.04
1588,158550.0
1589,496146.93
1590,314169.06
1591,263135.04
1592,190672.0
1593,127118.0
1594,260979.04
1595,378757.14
1596,273268.03
1597,133788.0
1598,128860.0
1599,152014.0
1600,140437.0
1601,225725.0
1602,95039.99
1603,150869.0
1604,123444.0
1605,251307.0
1606,59560.0
1607,97449.0
1608,78919.0
1609,104046.0
1610,221380.0
1611,252542.07
1612,279970.0
1613,114891.0
1614,370901.09
1615,198214.0
1616,353976.05
1617,85757.0
1618,231658.01
1619,200371.01
1620,210493.0
1621,321848.09
1622,407653.17
1623,95781.0
1624,86427.0
1625,117916.0
1626,480159.76
1627,480274.61
1628,237239.07
1629,90365.0
1630,479940.72
1631,108296.0
1632,303215.0
1633,80145.0
1634,75736.0
1635,257228.0
1636,226076.0
1637,127870.0
1638,100587.0
1639,385197.06
1640,127111.0
1641,70315.0
1642,54172.0
1643,441484.37
1644,237485.0
1645,306554.0
1646,366198.15
1647,454047.52
1648,92954.0
1649,102400.0
1650,289745.02
1651,337942.06
1652,150033.0
1653,264751.07
1654,165319.0
1655,300650.01
1656,165080.0
1657,173572.0
1658,55521.0
1659,147815.0
1660,178071.0
1661,138921.0
1662,222007.0
1663,282229.01
1664,306139.02
1665,195548.0
1666,200282.01
1667,368043.16
1668,176081.01
1669,154324.0
1670,280760.0
1671,96759.0
1672,290879.0
1673,171878.0
1674,121631.0
1675,83402.0
1676,168519.0
1677,220949.0
1678,297756.02
1679,282495.0
1680,106019.0
1681,160929.0
1682,166624.0
1683,253406.01
1684,318007.11
1685,304604.0
1686,89565.0
1687,280522.0
1688,320357.04
1689,222676.05
1690,108261.99
1691,128359.0
1692,264118.01
1693,248193.0
1694,166298.0
1695,236343.0
1696,210089.0
1697,202358.05
1698,100695.0
1699,96495.0
1700,139094.0
1701,109002.0
1702,172783.0
1703,244531.01
1704,127318.0
1705,179667.0
1706,221042.0
1707,122293.0
1708,104922.0
1709,260462.01
1710,148659.0
1711,162997.0
1712,129732.99
1713,164222.0
1714,397415.36
1715,291946.02
1716,180779.0
1717,161996.01
1718,75813.0
1719,252719.0
1720,251005.0
1721,125768.0
1722,347090.0
1723,109879.0
1724,329373.01
1725,248658.02
1726,88279.0
1727,89236.99
1728,91577.0
1729,202472.0
1730,190931.0
1731,174407.0
1732,257700.0
1733,387457.08
1734,171609.01
1735,172129.01
1736,67528.0
1737,139239.0
1738,148600.05
1739,254713.0
1740,213951.0
1741,196921.01
1742,189200.01
1743,254746.01
1744,195996.01
1745,201854.0
1746,134231.0
1747,150672.0
1748,343959.0
1749,311879.03
1750,189381.0
1751,86691.0
1752,356373.26
1753,103577.0
1754,175649.01
1755,217964.06
1756,110109.0
1757,169952.0
1758,178520.0
1759,295566.07
1760,196048.0
1761,316411.13
1762,218420.0
1763,307309.01
1764,242183.0
1765,101224.0
1766,178633.0
1767,81267.0
1768,378766.22
1769,341994.13
1770,133295.0
1771,410498.13
1772,63044.0
1773,268026.02
1774,232346.0
1775,154427.0
1776,149417.0
1777,180477.0
1778,269693.0
1779,234860.0
1780,100106.0
1781,289644.0
1782,182136.0
1783,173135.0
1784,305674.04
1785,76715.0
1786,206526.0
1787,150584.0
1788,136081.0
1789,271161.04
1790,164461.0
1791,139937.01
1792,148972.0
1793,238332.01
1794,82753.99
1795,326821.12
1796,183361.0
1797,213775.02
1798,181853.0
1799,395543.25
1800,479521.7
1801,228367.01
1802,383989.06
1803,335003.0
1804,122319.05
1805,72335.0
1806,200354.0
1807,89714.0
1808,213820.0
1809,149127.0
1810,206135.02
1811,163675.0
1812,141654.0
1813,185780.01
1814,253863.04
1815,98512.0
1816,216467.01
1817,213487.0
1818,111889.0
1819,160292.0
1820,173335.0
1821,233218.0
1822,260010.01
1823,211334.0
1824,167025.0
1825,120994.0
1826,85408.0
1827,154285.0
1828,164719.01
1829,208315.03
1830,130337.0
1831,173222.01
1832,252091.0
1833,154306.0
1834,333153.06
1835,92620.0
1836,165619.0
1837,114105.0
1838,57328.0
1839,96693.0
1840,117773.0
1841,161458.0
1842,215505.0
1843,79354.0
1844,68083.0
1845,151121.0
1846,110936.0
1847,109957.0
1848,81535.0
1849,74877.0
1850,325759.03
1851,177456.0
1852,185030.02
1853,199332.0
1854,271317.0
1855,151334.0
1856,195705.0
1857,96035.0
1858,170045.0
1859,359573.11
1860,197843.0
1861,277758.06
1862,392189.13
1863,309131.07
1864,97414.0
1865,187240.0
1866,125111.0
1867,101113.0
1868,264462.08
1869,359144.03
1870,326654.05
1871,155151.0
1872,80673.0
1873,223981.0
1874,210765.0
1875,112027.0
1876,112133.0
1877,68406.0
1878,132157.0
1879,406935.27
1880,81707.0
1881,52400.0
1882,269458.18
1883,336388.04
1884,95038.0
1885,83594.0
1886,303383.04
1887,101580.0
1888,364356.14
1889,174088.0
1890,358102.23
1891,101265.0
1892,198688.0
1893,445311.52
1894,235978.0
1895,61150.0
1896,270524.05
1897,464887.61
1898,151322.0
1899,153946.0
1900,61634.0
1901,197131.0
1902,310499.02
1903,340724.27
1904,419824.34
1905,88561.0
1906,124533.0
1907,268568.0
1908,96927.0
1909,125217.0
1910,422413.36
1911,234247.0
1912,397830.15
1913,340432.05
1914,356012.1
1915,296806.05
1916,217464.01
1917,250265.0
1918,292025.04
1919,254198.0
1920,369790.09
1921,214092.02
1922,184557.0
1923,495486.94
1924,136276.01
1925,320689.0
1926,255921.0
1927,262190.0
1928,152101.0
1929,162576.0
1930,175404.0
1931,127701.99
1932,212891.0
1933,366985.19
1934,240663.03
1935,345096.13
1936,226344.0
1937,387582.16
1938,115817.0
1939,213577.0
1940,119861.0
1941,52504.0
1942,140783.0
1943,71360.0
1944,112624.0
1945,274461.0
1946,249645.0
1947,382396.17
1948,119278.0
1949,239589.05
1950,297978.0
1951,149817.01
1952,153401.0
1953,368232.24
1954,134326.0
1955,218682.01
1956,127019.0
1957,80718.0
1958,139891.0
1959,255147.01
1960,306330.09
1961,162677.0
1962,179883.0
1963,384993.14
1964,446062.52
1965,161123.0
1966,429251.36
1967,181661.0
1968,225841.04
1969,118953.0
1970,198888.0
1971,269570.0
1972,158631.0
1973,83629.0
1974,162801.0
1975,117406.0
1976,183482.02
1977,295692.0
1978,266945.08
1979,116909.0
1980,104238.0
1981,412885.2
1982,70717.0
1983,248537.03
1984,334412.01
1985,243138.0
1986,104167.0
1987,324491.02
1988,496169.98
1989,269041.02
1990,278966.01
1991,325847.06
1992,111987.0
1993,146696.0
1994,106494.0
1995,286166.02
1996,252630.0
1997,99579.0
1998,274996.0
1999,192720.0
2000,136154.0
2001,310742.03
2002,185812.0
2003,298246.04
2004,271105.0
2005,147592.0
2006,125091.0
2007,178950.0
2008,182452.0
2009,61898.0
2010,107811.01
2011,294192.04
2012,176687.0
2013,250101.0
2014,114275.0
2015,237302.0
2016,485064.81
2017,73464.0
2018,230025.0
2019,336012.04
2020,134218.0
2021,326720.06
2022,297876.01
2023,181166.0
2024,249565.0
2025,322402.01
2026,176986.0
2027,401220.2
2028,182928.0
2029,190080.0
2030,219647.0
2031,177751.01
2032,110994.0
2033,195270.0
2034,203380.0
2035,213354.0
2036,158455.0
2037,468569.67
2038,174734.0
2039,487920.78
2040,498304.99
2041,112065.0
2042,135953.0
2043,97642.0
2044,131112.0
2045,101318.0
2046,149782.0
2047,128570.0
2048,205019.0
2049,182254.0
2050,285975.04
2051,269650.0
2052,308001.05
2053,433979.32
2054,164691.0
2055,117571.0
2056,81247.0
2057,135967.0
2058,76506.0
2059,101675.0
2060,175120.0
2061,98316.0
2062,163163.0
2063,293390.03
2064,227251.0
2065,76598.0
2066,181152.0
2067,196268.0
2068,238906.0
2069,117375.0
2070,248796.0
2071,112227.0
2072,101394.0
2073,239619.03
2074,178732.0
2075,395619.26
2076,325477.1
2077,133800.0
2078,273210.02
2079,251379.02
2080,403838.09
2081,178514.0
2082,202852.0
2083,168459.0
2084,440766.3
2085,187145.0
2086,188651.0
2087,191002.0
2088,160134.0
2089,159343.0
2090,157756.0
2091,106275.0
2092,235877.0
2093,272169.01
2094,154659.0
2095,251762.03
2096,357383.05
2097,74761.0
2098,195558.0
2099,190557.0
2100,419718.34
2101,280109.01
2102,305391.07
2103,167110.0
2104,106985.0
2105,182666.0
2106,132349.01
2107,110021.0
2108,159389.0
2109,107592.0
2110,154929.0
2111,129922.0
2112,165384.0
2113,61699.0
2114,449520.37
2115,118319.0
2116,95923.97
2117,113617.0
2118,92592.0
2119,187177.0
2120,120807.0
2121,355572.11
2122,92073.0
2123,335380.0
2124,66088.0
2125,227215.0
2126,174996.0
2127,204136.0
2128,170954.0
2129,108692.0
2130,171654.0
2131,183096.0
2132,388490.25
2133,249007.02
2134,109926.0
2135,113646.0
2136,189093.0
2137,343470.2
2138,304249.13
2139,310079.01
2140,135471.0
2141,74224.0
2142,286433.08
2143,338974.01
2144,128016.0
2145,140881.0
2146,159401.01
2147,257307.02
2148,138239.0
2149,136491.0
2150,362218.19
2151,272008.0
2152,493769.91
2153,211665.0
2154,165493.0
2155,140947.0
2156,108787.0
2157,342236.07
2158,182071.0
2159,121415.02
2160,65480.0
2161,195321.0
2162,226093.0
2163,234609.0
2164,410391.14
2165,112766.0
2166,105475.0
2167,165498.0
2168,202702.0
2169,70313.0
2170,347879.03
2171,120610.0
2172,155222.0
2173,154693.0
2174,224158.0
2175,222477.0
2176,86898.0
2177,440773.39
2178,167329.0
2179,207990.0
2180,99852.0
2181,106854.0
2182,353805.22
2183,219274.0
2184,335011.01
2185,281011.05
2186,264703.01
2187,95495.0
2188,212087.0
2189,218015.0
2190,151794.0
2191,116872.0
2192,230005.01
2193,278496.07
2194,175108.0
2195,229281.01
2196,191179.0
2197,200840.01
2198,183494.0
2199,284913.0
2200,107727.0
2201,98419.95
2202,310730.05
2203,146402.0
2204,178760.0
2205,186921.0
2206,308316.0
2207,180120.01
2208,221555.01
2209,462686.77
2210,235453.0
2211,335394.13
2212,417377.22
2213,110851.0
2214,140370.0
2215,86191.0
2216,155008.0
2217,455533.53
2218,190684.02
2219,488002.85
2220,195025.01
2221,480538.76
2222,179128.01
2223,214307.02
2224,240019.0
2225,184698.0
2226,196513.0
2227,125017.0
2228,118239.0
2229,192141.0
2230,156194.0
2231,102501.0
2232,64244.0
2233,313879.11
2234,151738.0
2235,330878.04
2236,111318.0
2237,91502.0
2238,222118.02
2239,241678.0
2240,112612.0
2241,373097.14
2242,105911.0
2243,166574.0
2244,165381.0
2245,187271.0
2246,420507.24
2247,300062.02
2248,172566.01
2249,198359.0
2250,241501.01
2251,152722.0
2252,300880.02
2253,181215.0
2254,206831.0
2255,382700.06
2256,270124.0
2257,165515.0
2258,168673.0
2259,398965.21
2260,117588.0
2261,179999.01
2262,407465.08
2263,117224.0
2264,107182.0
2265,92566.0
2266,471147.69
2267,145413.0
2268,70948.0
2269,164507.0
2270,148886.0
2271,173398.0
2272,153377.0
2273,210573.01
2274,127219.0
2275,116840.0
2276,435306.34
2277,131772.0
2278,147715.0
2279,245808.01
2280,120033.0
2281,117422.0
2282,170928.01
2283,226533.01
2284,131489.0
2285,179033.0
2286,212457.0
2287,128913.0
2288,117569.0
2289,185103.0
2290,321663.03
2291,213817.0
2292,74206.0
2293,194915.0
2294,340948.1
2295,200173.0
2296,84926.0
2297,363062.19
2298,268844.0
2299,281011.0
2300,115330.0
2301,157082.0
2302,255294.0
2303,128198.0
2304,164218.0
2305,196848.0
2306,246949.0
2307,153937.0
2308,285648.04
2309,207324.0
2310,266778.01
2311,173813.0
2312,288839.0
2313,190380.0
2314,288639.0
2315,150736.0
2316,314592.02
2317,166955.0
2318,51709.0
2319,131227.0
2320,132611.0
2321,181320.02
2322,440882.45
2323,107323.0
2324,149801.0
2325,337728.05
2326,210121.0
2327,68979.0
2328,309269.04
2329,99309.0
2330,138926.0
2331,355349.05
2332,73938.0
2333,186177.0
2334,161152.01
2335,155137.0
2336,453668.54
2337,211326.0
2338,69916.0
2339,72981.0
2340,248772.0
2341,188679.01
2342,313909.03
2343,275009.06
2344,152372.0
2345,133930.0
2346,356817.02
2347,170590.0
2348,158874.0
2349,117818.06
2350,85192.0
2351,110680.0
2352,112019.0
2353,298964.0
2354,137552.0
2355,205956.0
2356,142368.0
2357,76313.0
2358,164066.0
2359,445155.44
2360,108622.0
2361,94652.0
2362,225083.0
2363,79024.0
2364,190721.0
2365,173943.0
2366,271997.01
2367,475407.65
2368,210547.0
2369,147312.0
2370,271118.0
2371,240226.0
2372,154039.0
2373,156419.0
2374,192118.0
2375,74680.0
2376,243224.0
2377,202228.0
2378,86217.0
2379,493800.95
2380,263999.03
2381,93928.0
2382,119215.0
2383,87831.0
2384,92811.0
2385,123655.0
2386,289524.0
2387,184955.0
2388,152637.0
2389,311290.09
2390,107946.0
2391,99039.0
2392,119567.0
2393,380795.09
2394,219715.0
2395,218447.01
2396,138826.0
2397,219799.0
2398,173597.0
2399,363570.07
2400,323642.01
2401,220287.03
2402,212787.0
2403,291414.01
2404,293609.04
2405,135673.0
2406,90068.0
2407,86653.0
2408,67062.0
2409,223490.02
2410,150863.0
2411,152219.0
2412,118859.0
2413,175704.0
2414,234803.0
2415,197788.01
2416,83675.0
2417,66156.0
2418,115836.0
2419,201929.01
2420,290063.02
2421,345683.08
2422,291952.04
2423,228141.04
2424,351990.15
2425,198326.0
2426,456711.58
2427,285344.01
2428,480704.77
2429,190530.0
2430,209766.0
2431,177451.01
2432,196762.0
2433,81378.0
2434,381431.19
2435,142757.0
2436,94241.0
2437,154026.0
2438,244139.02
2439,290709.0
2440,127240.0
2441,383067.12
2442,281334.0
2443,126858.0
2444,205006.0
2445,299535.0
2446,250987.02
2447,252865.01
2448,60318.0
2449,80846.0
2450,72195.0
2451,119645.0
2452,108429.0
2453,200784.0
2454,111510.0
2455,74407.0
2456,146753.01
2457,217046.01
2458,101332.0
2459,447392.53
2460,141396.0
2461,150184.0
2462,148551.0
2463,227684.0
2464,141123.0
2465,211986.03
2466,178702.0
2467,497528.96
2468,330943.35
2469,189928.0
2470,494789.95
2471,184513.0
2472,117268.0
2473,116379.0
2474,140811.99
2475,99586.0
2476,186345.01
2477,252522.0
2478,430611.3
2479,251147.0
2480,95846.0
2481,126454.0
2482,127302.0
2483,96053.0
2484,128356.0
2485,136128.0
2486,226782.0
2487,73383.0
2488,83553.0
2489,122466.0
2490,141706.0
2491,101155.0
2492,75434.0
2493,258287.02
2494,79196.0
2495,199994.0
2496,430983.35
2497,237124.0
2498,124036.0
2499,200397.0
2500,112856.01
2501,202880.0
2502,262661.0
2503,359491.06
2504,202942.0
2505,308821.13
2506,158118.0
2507,122762.0
2508,477322.74
2509,429413.35
2510,316558.24
2511,309706.01
2512,127078.0
2513,155611.0
2514,134695.0
2515,194583.0
2516,151982.0
2517,189492.0
2518,244397.0
2519,468159.67
2520,351011.01
2521,130492.0
2522,196736.0
2523,356898.04
2524,234767.0
2525,193280.0
2526,405355.24
2527,240447.0
2528,314916.04
2529,308189.01
2530,255037.14
2531,178768.0
2532,180868.0
2533,61707.0
2534,151273.0
2535,275474.05
2536,125866.0
2537,77398.0
2538,68003.0
2539,236474.0
2540,239402.0
2541,132509.0
2542,94815.98
2543,135071.0
2544,179965.0
2545,81459.0
2546,345571.07
2547,298186.03
2548,131462.0
2549,200310.0
2550,71628.0
2551,463484.62
2552,97894.0
2553,103107.0
2554,102334.0
2555,314404.0
2556,202169.0
2557,201907.0
2558,163908.0
2559,158312.0
2560,263021.06
2561,249218.02
2562,116943.0
2563,296657.01
2564,338557.07
2565,463596.52
2566,385567.14
2567,112824.0
2568,228803.0
2569,365719.03
2570,51098.0
2571,170507.0
2572,284200.01
2573,220677.0
2574,424954.27
2575,213220.0
2576,232384.0
2577,225396.0
2578,183941.0
2579,54520.0
2580,97562.0
2581,257825.0
2582,159339.0
2583,498974.98
2584,432202.42
2585,77898.0
2586,75140.0
2587,314119.05
2588,153638.0
2589,164018.0
2590,81198.0
2591,230429.01
2592,201593.0
2593,252633.05
2594,55101.0
2595,465310.54
2596,325013.07
2597,200267.02
2598,76398.0
2599,188494.01
2600,222425.0
2601,147554.0
2602,101002.0
2603,226892.0
2604,194434.0
2605,455625.52
2606,498391.98
2607,278401.01
2608,298248.01
2609,128271.01
2610,172519.0
2611,138239.0
2612,168631.01
2613,90106.0
2614,307730.03
2615,137748.0
2616,116162.0
2617,164199.0
2618,467682.52
2619,96126.0
2620,93532.0
2621,60667.0
2622,193576.0
2623,167001.0
2624,348690.09
2625,114839.0
2626,139042.96
2627,154867.0
2628,171378.0
2629,121970.0
2630,115423.0
2631,118840.0
2632,391963.13
2633,150178.0
2634,354000.14
2635,84372.99
2636,97849.0
2637,347078.08
2638,90746.0
2639,235576.01
2640,375566.17
2641,68165.0
2642,195936.0
2643,94994.0
2644,423327.34
2645,187289.0
2646,97027.0
2647,54718.0
2648,129082.0
2649,361843.02
2650,249811.0
2651,284974.01
2652,88315.0
2653,130885.0
2654,121476.0
2655,86021.0
2656,88311.0
2657,182115.0
2658,153245.0
2659,92482.0
2660,162636.0
2661,101770.0
2662,142040.0
2663,62904.0
2664,193331.01
2665,465542.53
2666,56756.0
2667,280273.0
2668,188000.0
2669,190309.0
2670,142281.0
2671,85708.0
2672,210165.0
2673,375173.11
2674,312332.29
2675,140332.0
2676,167936.0
2677,178513.0
2678,338143.03
2679,335930.0
2680,335767.04
2681,85693.0
2682,236974.01
2683,128428.0
2684,189641.0
2685,410216.32
2686,113684.0
2687,75827.0
2688,175902.0
2689,168396.0
2690,195577.01
2691,230804.0
2692,309379.01
2693,118247.0
2694,170627.0
2695,200146.0
2696,245025.01
2697,251589.03
2698,202272.0
2699,310103.12
2700,327742.08
2701,200523.0
2702,61680.0
2703,148997.0
2704,173825.0
2705,179897.03
2706,262058.0
2707,231492.0
2708,148481.0
2709,73806.0
2710,310566.04
2711,325780.04
2712,173121.0
2713,107313.0
2714,202153.01
2715,181742.0
2716,433552.4
2717,261211.05
2718,488260.85
2719,111569.0
2720,249422.01
2721,182337.0
2722,155304.02
2723,229645.03
2724,269732.0
2725,103055.0
2726,347184.05
2727,171310.0
2728,252112.0
2729,56519.0
2730,443841.57
2731,64419.0
2732,238858.0
2733,141071.0
2734,270573.0
2735,174431.0
2736,122724.0
2737,251208.0
2738,182049.0
2739,156150.0
2740,140367.0
2741,160627.0
2742,81252.0
2743,97230.0
2744,127309.0
2745,157197.0
2746,98440.0
2747,215764.08
2748,127593.0
2749,148269.0
2750,126428.0
2751,408017.17
2752,160895.0
2753,370048.05
2754,161054.0
2755,211693.01
2756,397712.4
2757,64390.0
2758,279955.0
2759,183059.0
2760,221768.0
2761,187049.0
2762,146473.0
2763,372756.16
2764,359579.01
2765,227326.0
2766,264875.0
2767,376451.09
2768,71715.0
2769,146664.0
2770,249269.03
2771,115629.0
2772,153718.0
2773,83449.0
2774,450275.5
2775,229365.01
2776,114965.0
2777,165609.0
2778,172936.0
2779,361944.15
2780,134851.0
2781,109723.0
2782,421030.49
2783,97537.0
2784,268584.01
2785,133196.0
2786,217965.0
2787,200066.0
2788,232428.02
2789,331186.07
2790,346303.07
2791,71196.0
2792,178028.0
2793,89010.0
2794,230838.0
2795,462526.56
2796,264754.0
2797,169235.0
2798,118504.0
2799,90548.0
2800,109894.0
2801,113444.0
2802,83332.0
2803,256908.0
2804,166095.0
2805,204758.0
2806,151901.0
2807,309307.04
2808,395555.38
2809,103735.0
2810,169315.0
2811,189324.0
2812,76994.0
2813,67060.0
2814,183053.0
2815,397940.08
2816,297871.01
2817,118955.0
2818,369025.04
2819,254094.0
2820,268044.0
2821,313461.13
2822,214456.03
2823,90979.0
2824,244199.02
2825,260785.0
2826,301137.07
2827,340072.09
2828,154535.0
2829,207835.0
2830,158402.0
2831,480819.69
2832,181615.0
2833,220570.0
2834,189164.0
2835,238952.0
2836,365038.1
2837,81408.0
2838,378861.2
2839,114325.0
2840,86006.0
2841,114765.0
2842,106298.0
2843,214434.0
2844,89240.0
2845,69933.0
2846,241671.0
2847,149024.0
2848,188033.0
2849,362885.1
2850,201009.0
2851,240285.0
2852,161205.0
2853,270461.0
2854,233843.0
2855,102475.0
2856,90065.0
2857,145316.0
2858,337293.09
2859,61423.0
2860,230087.0
2861,442370.32
2862,221202.0
2863,112137.0
2864,95280.0
2865,407267.33
2866,102485.0
2867,286102.04
2868,125779.0
2869,286398.02
2870,205145.01
2871,265409.01
2872,180537.0
2873,361428.09
2874,221833.0
2875,162605.0
2876,101928.0
2877,79840.0
2878,231956.0
2879,404502.36
2880,427427.17
2881,278457.01
2882,471377.58
2883,286715.02
2884,167107.0
2885,156111.0
2886,252567.0
2887,90761.0
2888,213910.0
2889,264170.02
2890,441090.5
2891,113952.0
2892,154385.0
2893,133624.0
2894,232096.0
2895,225235.03
2896,93900.0
2897,123188.0
2898,264751.0
2899,248300.07
2900,355640.12
2901,379141.08
2902,108197.0
2903,170778.0
2904,165660.0
2905,113262.0
2906,190114.0
2907,189524.0
2908,478537.66
2909,132080.0
2910,202946.01
2911,73847.0
2912,105366.0
2913,315198.09
2914,165262.0
2915,408691.24
2916,132917.0
2917,428775.36
2918,291110.03
2919,126376.02
2920,293460.06
2921,263982.01
2922,291548.02
2923,98948.0
2924,160080.0
2925,341395.01
2926,117869.0
2927,356311.3
2928,270490.01
2929,304870.01
2930,421462.21
2931,316511.07
2932,108211.0
2933,206962.0
2934,124727.0
2935,196152.0
2936,171514.0
2937,51258.0
2938,351382.14
2939,123774.0
2940,129410.0
2941,235838.01
2942,142349.0
2943,161983.0
2944,138751.0
2945,212298.0
2946,250070.0
2947,260553.02
2948,141029.0
2949,497438.98
2950,162895.0
2951,218171.0
2952,249235.04
2953,191983.0
2954,139989.0
2955,117677.0
2956,263046.02
2957,167096.0
2958,91450.0
2959,135756.0
2960,460325.42
2961,203202.0
2962,150257.0
2963,268450.04
2964,222246.0
2965,180259.0
2966,130461.0
2967,196971.0
2968,240803.0
2969,126240.0
2970,212376.01
2971,159042.0
2972,87522.0
2973,169117.0
2974,217290.02
2975,141528.0
2976,91012.0
2977,326872.04
2978,254882.04
2979,191351.0
2980,200218.0
2981,375233.11
2982,136552.0
2983,260601.0
2984,198349.0
2985,117906.0
2986,198483.0
2987,125469.0
2988,210932.01
2989,222906.01
2990,112021.0
2991,134609.0
2992,165877.0
2993,340916.05
2994,140649.0
2995,201215.02
2996,484251.81
2997,237206.01
2998,124620.0
2999,186179.0
3000,149697.0
3001,120192.0
3002,210999.0
3003,137684.0
3004,288140.02
3005,434032.49
3006,320923.01
3007,106921.0
3008,89796.0
3009,371932.04
3010,217825.02
3011,237685.0
3012,399468.13
3013,131196.0
3014,152934.0
3015,67787.0
3016,52519.0
3017,97978.99
3018,104434.0
3019,309535.07
3020,126888.0
3021,241444.0
3022,279204.0
3023,497714.96
3024,138410.0
3025,199318.0
3026,87566.0
3027,417460.22
3028,311480.12
3029,228946.0
3030,128915.0
3031,280180.0
3032,92218.0
3033,241717.13
3034,89462.0
3035,275220.0
3036,147646.0
3037,245153.01
3038,114282.0
3039,121938.0
3040,75370.0
3041,264666.04
3042,152443.0
3043,171814.01
3044,274700.04
3045,489911.88
3046,181283.0
3047,151011.0
3048,493901.9
3049,214246.0
3050,428991.24
3051,218328.0
3052,176072.0
3053,236650.03
3054,430128.28
3055,197741.0
3056,207375.01
3057,105568.0
3058,373015.07
3059,262335.0
3060,494508.93
3061,90847.0
3062,232310.0
3063,181863.0
3064,180163.0
3065,111858.0
3066,209692.0
3067,162912.0
3068,97450.0
3069,155542.0
3070,420764.23
3071,421284.15
3072,161793.0
3073,333145.01
3074,370453.02
3075,223691.0
3076,243265.06
3077,137405.0
3078,137723.0
3079,96699.0
3080,96997.0
3081,212837.0
3082,321542.01
3083,253788.0
3084,221492.03
3085,215711.0
3086,340618.07
3087,196748.01
3088,227695.0
3089,154417.0
3090,66053.0
3091,190741.0
3092,172176.0
3093,176764.0
3094,195976.0
3095,201612.02
3096,181813.01
3097,398155.09
3098,226597.0
3099,306772.07
3100,150419.0
3101,171281.0
3102,331909.01
3103,225037.0
3104,308218.04
3105,168972.0
3106,144391.0
3107,123106.01
3108,208926.0
3109,173931.0
3110,94634.0
3111,301433.0
3112,189241.0
3113,101668.0
3114,271179.05
3115,481416.77
3116,278055.0
3117,106640.0
3118,245516.0
3119,286814.02
3120,430228.39
3121,80660.0
3122,337892.0
3123,114643.02
3124,250275.0
3125,220426.01
3126,75252.0
3127,169946.0
3128,170965.0
3129,84829.0
3130,93633.0
3131,253138.04
3132,205522.0
3133,155106.0
3134,248824.02
3135,272001.02
3136,305771.13
3137,151393.0
3138,175802.0
3139,93260.0
3140,65551.0
3141,87041.0
3142,177002.0
3143,343031.09
3144,129628.0
3145,455310.49
3146,171841.0
3147,98126.0
3148,172838.03
3149,169431.0
3150,117318.0
3151,106400.0
3152,74924.0
3153,196740.0
3154,109524.0
3155,57052.0
3156,327090.07
3157,394690.22
3158,123384.0
3159,207954.05
3160,255688.02
3161,305484.17
3162,223827.01
3163,175578.01
3164,131632.0
3165,130157.0
3166,110452.0
3167,153075.0
3168,192005.0
3169,126930.0
3170,267881.01
3171,215023.0
3172,172495.0
3173,223456.0
3174,216857.0
3175,304943.21
3176,83665.0
3177,272764.03
3178,317302.04
3179,238097.0
3180,109617.0
3181,235974.0
3182,119937.01
3183,329078.14
3184,68180.0
3185,59868.98
3186,330941.02
3187,258518.05
3188,159751.0
3189,424776.27
3190,150889.0
3191,108745.0
3192,198359.0
3193,320603.1
3194,144525.01
3195,146430.0
3196,306364.01
3197,98945.0
3198,125184.0
3199,291180.02
3200,255540.0
3201,84450.01
3202,407937.32
3203,196913.0
3204,186155.0
3205,250851.01
3206,143439.0
3207,214519.0
3208,148121.0
3209,224488.0
3210,101912.0
3211,171360.0
3212,227457.02
3213,260475.08
3214,130340.0
3215,110384.0
3216,470450.74
3217,317976.09
3218,160589.0
3219,113053.0
3220,319829.03
3221,383813.24
3222,245647.02
3223,196026.0
3224,350218.15
3225,71944.0
3226,195825.0
3227,190440.0
3228,298008.11
3229,267585.03
3230,135205.0
3231,204809.0
3232,196276.0
3233,158336.0
3234,202103.0
3235,146168.0
3236,176660.0
3237,135091.0
3238,229671.0
3239,129725.98
3240,302273.05
3241,299983.06
3242,67905.0
3243,303991.02
3244,354977.04
3245,210613.0
3246,132541.0
3247,108148.0
3248,123908.0
3249,486169.8
3250,294639.02
3251,180300.01
3252,119885.0
3253,154332.0
3254,147471.0
3255,226649.01
3256,381553.12
3257,129792.0
3258,270812.0
3259,206375.0
3260,438805.4
3261,370306.14
3262,70486.0
3263,208495.0
3264,119604.0
3265,132102.0
3266,411389.29
3267,228453.0
3268,195674.0
3269,124372.0
3270,121716.0
3271,196662.0
3272,120597.02
3273,115275.0
3274,171579.0
3275,111708.0
3276,373246.12
3277,67215.0
3278,184383.0
3279,257386.01
3280,208374.0
3281,209170.01
3282,76562.0
3283,181215.0
3284,148940.0
3285,132934.0
3286,339982.0
3287,108972.0
3288,430544.34
3289,178172.0
3290,103564.0
3291,170575.0
3292,217896.0
3293,199980.0
3294,177520.0
3295,111987.03
3296,123761.0
3297,142774.0
3298,239199.0
3299,235678.0
3300,181931.0
3301,193798.0
3302,207782.0
3303,134879.0
3304,350378.02
3305,131251.0
3306,253437.14
3307,100981.0
3308,50779.0
3309,171450.0
3310,318436.04
3311,137788.0
3312,186862.0
3313,209841.0
3314,64593.0
3315,127522.0
3316,209501.02
3317,175964.0
3318,85641.0
3319,280071.1
3320,201434.0
3321,255327.0
3322,115137.0
3323,184852.0
3324,249397.01
3325,91216.0
3326,86659.0
3327,58625.0
3328,319751.03
3329,237624.01
3330,119813.0
3331,143761.0
3332,258983.0
3333,175391.0
3334,175674.0
3335,171875.0
3336,51825.0
3337,114927.0
3338,53244.0
3339,336150.11
3340,348726.14
3341,135880.0
3342,149118.0
3343,339262.1
3344,101765.0
3345,97562.0
3346,109001.0
3347,210116.0
3348,148274.0
3349,459889.51
3350,183183.0
3351,398085.28
3352,209075.0
3353,116404.0
3354,468432.61
3355,276637.0
3356,364500.05
3357,223654.0
3358,62755.0
3359,111703.0
3360,121829.0
3361,147646.0
3362,433108.32
3363,199125.0
3364,306377.0
3365,132190.0
3366,205382.0
3367,258124.01
3368,86555.0
3369,369884.08
3370,163275.0
3371,235527.01
3372,151573.0
3373,251362.0
3374,227170.01
3375,243827.0
3376,109725.0
3377,165568.0
3378,161893.0
3379,141935.0
3380,221205.03
3381,50397.0
3382,118743.0
3383,296407.01
3384,179891.0
3385,216828.0
3386,367515.15
3387,432843.38
3388,295095.1
3389,232220.0
3390,168609.0
3391,246217.01
3392,113051.0
3393,208775.0
3394,191133.0
3395,255579.0
3396,188445.01
3397,151662.0
3398,203211.0
3399,228882.0
3400,226781.0
3401,242232.0
3402,121632.0
3403,69510.0
3404,135905.0
3405,164680.03
3406,246214.01
3407,382953.13
3408,116069.0
3409,210864.0
3410,145020.0
3411,195228.0
3412,207771.0
3413,78509.0
3414,125964.0
3415,340915.12
3416,276354.0
3417,98653.0
3418,173620.0
3419,298270.03
3420,62018.0
3421,216332.01
3422,74941.0
3423,66091.0
3424,195178.0
3425,114189.0
3426,190670.0
3427,343376.07
3428,374484.16
3429,129645.0
3430,159938.0
3431,350626.07
3432,499082.98
3433,303673.0
3434,469181.61
3435,95823.0
3436,176451.0
3437,221264.0
3438,109560.99
3439,61754.0
3440,159736.0
3441,264104.05
3442,101098.0
3443,377579.21
3444,239478.01
3445,263644.0
3446,137503.0
3447,173479.0
3448,498309.98
3449,429428.31
3450,150756.0
3451,331152.13
3452,94425.0
3453,185421.0
3454,202011.0
3455,482518.85
3456,112761.0
3457,110031.0
3458,137298.0
3459,310119.03
3460,98855.0
3461,61861.0
3462,224569.01
3463,205168.0
3464,382867.04
3465,151585.0
3466,238741.01
3467,92949.0
3468,221610.0
3469,137556.0
3470,120607.0
3471,72651.0
3472,199182.0
3473,191182.0
3474,264997.0
3475,465121.6
3476,214702.0
3477,242668.01
3478,314155.15
3479,111427.0
3480,176363.0
3481,174620.0
3482,96927.0
3483,196137.0
3484,132688.0
3485,151236.0
3486,70669.0
3487,168736.0
3488,129808.0
3489,194944.0
3490,443708.54
3491,277914.0
3492,284289.03
3493,251050.0
3494,129924.0
3495,173133.0
3496,87997.0
3497,159054.0
3498,155192.0
3499,114050.0
3500,281513.01
3501,194896.0
3502,225597.01
3503,151651.0
3504,140681.0
3505,60028.0
3506,111993.98
3507,86088.0
3508,60188.0
3509,198418.02
3510,137752.0
3511,95553.0
3512,319988.03
3513,185757.0
3514,440247.47
3515,123635.0
3516,141354.0
3517,144444.0
3518,109714.0
3519,152030.0
3520,295536.0
3521,169240.0
3522,393026.29
3523,174092.0
3524,192002.0
3525,191797.0
3526,363702.09
3527,166319.0
3528,174495.01
3529,103340.0
3530,131931.0
3531,114658.0
3532,480940.8
3533,136293.0
3534,109445.0
3535,131392.0
3536,190183.0
3537,172250.0
3538,273743.02
3539,251101.02
3540,136078.0
3541,181676.0
3542,94877.0
3543,374684.15
3544,92940.0
3545,360790.05
3546,277328.0
3547,148796.01
3548,238944.0
3549,149473.01
3550,240521.0
3551,311690.06
3552,171600.0
3553,142369.0
3554,107769.0
3555,208900.0
3556,65373.71
3557,134631.0
3558,72266.0
3559,289904.05
3560,474337.66
3561,222900.0
3562,405078.25
3563,371166.18
3564,364274.04
3565,363027.04
3566,114385.0
3567,242821.01
3568,148187.0
3569,290203.01
3570,178055.0
3571,460876.49
3572,349346.16
3573,333891.04
3574,249093.0
3575,90096.0
3576,310164.01
3577,164441.0
3578,179759.0
3579,144510.0
3580,244790.0
3581,135577.0
3582,252322.0
3583,476720.72
3584,120286.0
3585,105518.0
3586,285298.04
3587,165342.0
3588,172969.0
3589,167737.0
3590,131430.0
3591,137334.0
3592,249505.0
3593,124320.0
3594,432970.42
3595,169351.0
3596,117127.0
3597,208061.01
3598,205558.0
3599,164704.0
3600,267469.01
3601,197529.01
3602,481491.7
3603,91323.0
3604,240708.06
3605,118466.0
3606,169775.02
3607,195504.0
3608,242024.99
3609,77562.0
3610,216194.0
3611,189094.1
3612,218854.03
3613,482545.72
3614,212038.0
3615,184971.0
3616,381359.06
3617,344403.06
3618,227841.0
3619,162755.0
3620,258871.05
3621,200166.0
3622,215215.0
3623,226366.01
3624,378335.08
3625,452497.36
3626,231568.0
3627,98398.0
3628,282331.0
3629,85649.0
3630,150498.0
3631,176565.0
3632,86317.0
3633,159296.0
3634,150961.0
3635,301314.01
3636,110115.0
3637,147515.0
3638,119938.0
3639,498818.99
3640,126709.0
3641,152906.0
3642,135691.0
3643,268910.02
3644,99153.0
3645,321265.02
3646,300727.06
3647,189575.0
3648,235495.0
3649,241613.01
3650,386256.15
3651,104775.0
3652,323908.03
3653,160966.0
3654,93932.0
3655,252724.01
3656,261150.0
3657,329596.11
3658,361488.17
3659,256179.06
3660,156755.0
3661,202340.01
3662,146808.0
3663,467537.63
3664,473215.75
3665,254695.08
3666,223463.0
3667,190124.0
3668,70907.0
3669,99516.0
3670,183852.0
3671,451802.53
3672,177500.0
3673,218047.0
3674,279166.02
3675,169037.0
3676,129869.0
3677,179830.0
3678,267357.0
3679,225840.0
3680,139371.0
3681,172730.0
3682,57355.0
3683,243587.0
3684,57138.0
3685,98637.0
3686,199429.0
3687,93696.0
3688,224585.0
3689,140250.0
3690,234581.02
3691,203200.0
3692,365909.05
3693,210198.01
3694,89251.0
3695,448578.52
3696,66957.98
3697,141226.0
3698,63565.0
3699,157227.0
3700,274264.01
3701,241670.0
3702,257678.05
3703,103737.0
3704,223750.01
3705,194414.0
3706,228376.0
3707,104131.0
3708,162410.0
3709,91438.0
3710,212794.02
3711,246965.1
3712,224466.0
3713,166281.0
3714,366380.14
3715,214321.0
3716,111398.0
3717,231409.01
3718,104436.0
3719,185158.01
3720,257951.0
3721,262223.0
3722,142639.0
3723,56544.0
3724,67871.0
3725,115680.0
3726,113421.0
3727,213915.01
3728,65587.0
3729,357881.09
3730,376899.37
3731,79146.0
3732,487477.84
3733,329176.03
3734,124854.0
3735,252979.0
3736,143198.0
3737,133601.0
3738,270255.01
3739,143829.0
3740,216338.0
3741,101359.0
3742,300546.06
3743,172371.0
3744,261393.0
3745,205027.0
3746,152728.0
3747,260834.0
3748,88544.0
3749,159871.0
3750,216402.0
3751,80522.0
3752,347870.04
3753,93388.0
3754,141851.0
3755,96962.0
3756,184762.0
3757,155028.0
3758,342877.03
3759,196991.01
3760,171913.12
3761,197784.0
3762,193130.0
3763,318953.05
3764,479100.84
3765,239416.0
3766,281965.01
3767,96676.0
3768,101508.0
3769,224737.03
3770,61694.0
3771,248923.02
3772,351640.12
3773,179722.0
3774,159784.0
3775,365910.12
3776,150294.0
3777,67393.0
3778,163752.0
3779,400682.24
3780,131852.0
3781,185265.0
3782,230069.0
3783,349625.05
3784,129476.0
3785,141207.0
3786,113881.0
3787,185449.0
3788,458429.55
3789,50585.0
3790,127981.0
3791,348912.11
3792,182621.0
3793,90681.0
3794,436544.47
3795,233366.0
3796,212570.0
3797,217614.01
3798,253937.03
3799,118530.0
3800,222565.01
3801,228874.0
3802,194262.0
3803,214500.0
3804,230325.0
3805,117375.0
3806,98957.0
3807,145079.0
3808,104439.0
3809,164165.0
3810,176719.0
3811,310881.03
3812,413475.1
3813,163402.0
3814,202602.0
3815,91648.0
3816,163636.0
3817,101890.0
3818,210783.03
3819,175151.0
3820,400232.2
3821,137399.0
3822,154966.0
3823,310389.02
3824,155472.0
3825,87818.0
3826,318471.09
3827,155991.0
3828,249821.01
3829,393947.21
3830,79258.0
3831,187839.01
3832,416640.11
3833,80325.0
3834,419584.46
3835,132134.01
3836,87289.0
3837,228305.1
3838,102314.0
3839,71530.0
3840,305267.04
3841,357878.05
3842,232031.0
3843,125447.0
3844,72172.0
3845,78230.0
3846,184345.02
3847,113664.0
3848,102808.0
3849,199472.0
3850,175758.0
3851,112141.0
3852,156698.0
3853,95110.0
3854,87794.0
3855,182893.0
3856,245433.03
3857,370341.11
3858,262667.01
3859,335399.08
3860,369291.2
3861,359250.06
3862,317111.03
3863,74758.0
3864,107590.0
3865,372655.07
3866,222395.0
3867,129341.0
3868,130765.0
3869,171648.0
3870,147257.0
3871,300930.01
3872,384521.19
3873,157175.0
3874,56943.0
3875,288153.01
3876,208788.0
3877,165298.0
3878,255648.01
3879,89103.0
3880,147906.0
3881,189278.0
3882,81248.0
3883,124586.0
3884,215292.0
3885,194788.01
3886,61109.0
3887,90498.0
3888,144096.0
3889,204629.02
3890,197112.0
3891,125961.0
3892,137381.0
3893,163002.0
3894,93418.0
3895,119622.0
3896,223726.02
3897,202676.0
3898,215780.0
3899,62385.0
3900,389520.17
3901,61848.0
3902,416137.21
3903,321624.02
3904,369293.08
3905,320005.04
3906,97892.0
3907,108391.0
3908,129475.0
3909,373682.18
3910,310661.01
3911,471918.75
3912,152814.0
3913,72410.0
3914,181046.0
3915,208241.0
3916,156453.01
3917,232244.01
3918,124000.0
3919,122138.0
3920,299483.03
3921,303080.07
3922,198440.0
3923,379640.3
3924,271744.02
3925,152038.0
3926,276611.03
3927,258922.05
3928,205986.0
3929,233958.0
3930,343336.09
3931,224865.02
3932,72006.0
3933,439904.42
3934,322463.04
3935,126456.0
3936,392962.1
3937,234644.02
3938,147199.0
3939,178309.05
3940,153355.0
3941,228001.0
3942,176214.0
3943,309631.01
3944,218559.02
3945,120196.0
3946,110302.0
3947,386326.09
3948,82201.0
3949,184295.0
3950,165013.0
3951,99667.0
3952,318500.0
3953,75977.0
3954,134771.0
3955,189674.02
3956,155807.0
3957,84602.0
3958,226692.0
3959,282244.06
3960,355379.16
3961,336131.02
3962,383169.05
3963,191811.0
3964,180604.0
3965,178065.03
3966,108410.0
3967,86258.0
3968,132674.0
3969,157723.0
3970,143865.0
3971,107807.0
3972,198282.0
3973,227947.03
3974,184833.0
3975,230637.0
3976,96659.0
3977,203676.0
3978,206239.0
3979,92743.0
3980,499016.98
3981,95814.0
3982,400522.1
3983,169081.0
3984,85197.0
3985,237852.04
3986,59853.0
3987,365541.08
3988,229625.0
3989,279003.03
3990,204932.07
3991,228477.0
3992,280075.0
3993,110861.0
3994,194383.0
3995,230212.0
3996,183623.0
3997,57554.0
3998,199643.0
3999,120091.0
4000,171327.03
4001,80773.0
4002,237714.0
4003,70454.0
4004,211403.01
4005,256779.0
4006,465717.59
4007,173109.0
4008,496521.95
4009,243412.0
4010,243051.01
4011,146234.0
4012,292692.01
4013,175473.0
4014,108741.0
4015,203144.03
4016,291713.0
4017,208628.0
4018,267418.01
4019,59603.0
4020,90472.0
4021,157558.0
4022,149892.0
4023,411586.19
4024,260395.0
4025,106342.0
4026,265143.03
4027,175526.0
4028,241307.01
4029,248079.0
4030,251346.0
4031,258792.01
4032,152683.0
4033,107387.0
4034,341271.08
4035,320397.07
4036,118281.0
4037,190454.0
4038,61915.0
4039,367467.09
4040,63186.0
4041,308140.01
4042,262534.0
4043,177338.0
4044,204279.02
4045,388650.31
4046,205583.01
4047,70185.0
4048,498038.98
4049,156385.0
4050,120596.01
4051,156516.0
4052,110442.0
4053,385736.17
4054,389086.2
4055,239605.01
4056,218717.02
4057,207423.0
4058,102292.0
4059,470637.65
4060,193080.01
4061,216467.0
4062,275437.0
4063,89875.0
4064,320732.03
4065,74543.0
4066,348353.05
4067,103206.0
4068,151026.0
4069,174557.0
4070,131182.0
4071,230395.0
4072,222597.0
4073,211084.0
4074,471891.55
4075,231199.01
4076,212148.02
4077,489185.83
4078,201120.01
4079,150120.0
4080,344075.01
4081,433883.39
4082,154497.0
4083,242510.02
4084,154966.0
4085,227767.0
4086,163105.0
4087,155259.0
4088,495426.94
4089,128335.0
4090,88713.0
4091,380413.15
4092,185899.0
4093,146623.0
4094,68106.0
4095,129570.0
4096,142529.0
4097,309044.15
4098,151601.0
4099,338136.11
4100,249839.02
4101,418991.04
4102,236996.0
4103,115523.0
4104,477920.53
4105,364308.12
4106,179227.0
4107,69291.0
4108,100706.0
4109,129327.0
4110,178650.0
4111,409794.3
4112,419847.38
4113,150951.0
4114,111843.0
4115,244019.03
4116,101908.0
4117,194033.01
4118,86183.0
4119,217366.0
4120,258363.0
4121,315809.09
4122,66767.0
4123,152117.0
4124,468384.68
4125,93561.0
4126,353704.14
4127,163947.0
